id,order_id,item_id,quantity,unit_price,modifiers,special_instructions
oit_000001_00,ord_000001,menu_item_01,1,15.5,{},
oit_000002_00,ord_000002,menu_item_01,1,34.45,{},
oit_000003_00,ord_000003,menu_item_01,1,16.0,{},
oit_000004_00,ord_000004,menu_item_01,1,18.95,{},
oit_000005_00,ord_000005,menu_item_01,1,9.0,{},
oit_000006_00,ord_000006,menu_item_01,1,25.11,{},
oit_000006_01,ord_000006,menu_item_02,1,25.11,{},
oit_000006_02,ord_000006,menu_item_03,1,25.11,{},
oit_000006_03,ord_000006,menu_item_04,1,25.11,{},
oit_000007_00,ord_000007,menu_item_01,1,36.5,{},
oit_000008_00,ord_000008,menu_item_01,1,24.88,{},
oit_000008_01,ord_000008,menu_item_02,1,24.88,{},
oit_000009_00,ord_000009,menu_item_01,1,16.75,{},
oit_000010_00,ord_000010,menu_item_01,1,28.23,{},
oit_000010_01,ord_000010,menu_item_02,1,28.23,{},
oit_000011_00,ord_000011,menu_item_01,1,27.0,{},
oit_000011_01,ord_000011,menu_item_02,1,27.0,{},
oit_000012_00,ord_000012,menu_item_01,1,15.5,{},
oit_000013_00,ord_000013,menu_item_01,1,19.0,{},
oit_000014_00,ord_000014,menu_item_01,1,23.5,{},
oit_000015_00,ord_000015,menu_item_01,1,37.5,{},
oit_000016_00,ord_000016,menu_item_01,1,22.5,{},
oit_000016_01,ord_000016,menu_item_02,1,22.5,{},
oit_000016_02,ord_000016,menu_item_03,1,22.5,{},
oit_000017_00,ord_000017,menu_item_01,1,26.5,{},
oit_000018_00,ord_000018,menu_item_01,1,33.75,{},
oit_000018_01,ord_000018,menu_item_02,1,33.75,{},
oit_000018_02,ord_000018,menu_item_03,1,33.75,{},
oit_000018_03,ord_000018,menu_item_04,1,33.75,{},
oit_000019_00,ord_000019,menu_item_01,1,22.74,{},
oit_000019_01,ord_000019,menu_item_02,1,22.74,{},
oit_000019_02,ord_000019,menu_item_03,1,22.74,{},
oit_000019_03,ord_000019,menu_item_04,1,22.74,{},
oit_000020_00,ord_000020,menu_item_01,1,31.5,{},
oit_000021_00,ord_000021,menu_item_01,1,39.0,{},
oit_000022_00,ord_000022,menu_item_01,1,24.5,{},
oit_000023_00,ord_000023,menu_item_01,1,18.0,{},
oit_000024_00,ord_000024,menu_item_01,1,16.0,{},
oit_000025_00,ord_000025,menu_item_01,1,18.95,{},
oit_000026_00,ord_000026,menu_item_01,1,18.95,{},
oit_000027_00,ord_000027,menu_item_01,1,18.95,{},
oit_000028_00,ord_000028,menu_item_01,1,20.0,{},
oit_000029_00,ord_000029,menu_item_01,1,26.5,{},
oit_000029_01,ord_000029,menu_item_02,1,26.5,{},
oit_000030_00,ord_000030,menu_item_01,1,20.17,{},
oit_000030_01,ord_000030,menu_item_02,1,20.17,{},
oit_000030_02,ord_000030,menu_item_03,1,20.17,{},
oit_000031_00,ord_000031,menu_item_01,1,30.38,{},
oit_000031_01,ord_000031,menu_item_02,1,30.38,{},
oit_000031_02,ord_000031,menu_item_03,1,30.38,{},
oit_000031_03,ord_000031,menu_item_04,1,30.38,{},
oit_000032_00,ord_000032,menu_item_01,1,24.0,{},
oit_000033_00,ord_000033,menu_item_01,1,21.99,{},
oit_000033_01,ord_000033,menu_item_02,1,21.99,{},
oit_000033_02,ord_000033,menu_item_03,1,21.99,{},
oit_000033_03,ord_000033,menu_item_04,1,21.99,{},
oit_000034_00,ord_000034,menu_item_01,1,30.25,{},
oit_000034_01,ord_000034,menu_item_02,1,30.25,{},
oit_000034_02,ord_000034,menu_item_03,1,30.25,{},
oit_000034_03,ord_000034,menu_item_04,1,30.25,{},
oit_000035_00,ord_000035,menu_item_01,1,14.0,{},
oit_000036_00,ord_000036,menu_item_01,1,30.75,{},
oit_000037_00,ord_000037,menu_item_01,1,29.07,{},
oit_000037_01,ord_000037,menu_item_02,1,29.07,{},
oit_000037_02,ord_000037,menu_item_03,1,29.07,{},
oit_000037_03,ord_000037,menu_item_04,1,29.07,{},
oit_000038_00,ord_000038,menu_item_01,1,21.98,{},
oit_000038_01,ord_000038,menu_item_02,1,21.98,{},
oit_000039_00,ord_000039,menu_item_01,1,26.23,{},
oit_000039_01,ord_000039,menu_item_02,1,26.23,{},
oit_000040_00,ord_000040,menu_item_01,1,23.8,{},
oit_000040_01,ord_000040,menu_item_02,1,23.8,{},
oit_000040_02,ord_000040,menu_item_03,1,23.8,{},
oit_000041_00,ord_000041,menu_item_01,1,30.54,{},
oit_000041_01,ord_000041,menu_item_02,1,30.54,{},
oit_000041_02,ord_000041,menu_item_03,1,30.54,{},
oit_000041_03,ord_000041,menu_item_04,1,30.54,{},
oit_000042_00,ord_000042,menu_item_01,1,25.88,{},
oit_000042_01,ord_000042,menu_item_02,1,25.88,{},
oit_000042_02,ord_000042,menu_item_03,1,25.88,{},
oit_000042_03,ord_000042,menu_item_04,1,25.88,{},
oit_000043_00,ord_000043,menu_item_01,1,35.75,{},
oit_000044_00,ord_000044,menu_item_01,1,25.13,{},
oit_000044_01,ord_000044,menu_item_02,1,25.13,{},
oit_000044_02,ord_000044,menu_item_03,1,25.13,{},
oit_000045_00,ord_000045,menu_item_01,1,23.6,{},
oit_000045_01,ord_000045,menu_item_02,1,23.6,{},
oit_000045_02,ord_000045,menu_item_03,1,23.6,{},
oit_000045_03,ord_000045,menu_item_04,1,23.6,{},
oit_000046_00,ord_000046,menu_item_01,1,24.58,{},
oit_000046_01,ord_000046,menu_item_02,1,24.58,{},
oit_000046_02,ord_000046,menu_item_03,1,24.58,{},
oit_000047_00,ord_000047,menu_item_01,1,41.71,{},
oit_000047_01,ord_000047,menu_item_02,1,41.71,{},
oit_000047_02,ord_000047,menu_item_03,1,41.71,{},
oit_000047_03,ord_000047,menu_item_04,1,41.71,{},
oit_000048_00,ord_000048,menu_item_01,1,35.66,{},
oit_000048_01,ord_000048,menu_item_02,1,35.66,{},
oit_000048_02,ord_000048,menu_item_03,1,35.66,{},
oit_000048_03,ord_000048,menu_item_04,1,35.66,{},
oit_000049_00,ord_000049,menu_item_01,1,38.3,{},
oit_000049_01,ord_000049,menu_item_02,1,38.3,{},
oit_000049_02,ord_000049,menu_item_03,1,38.3,{},
oit_000049_03,ord_000049,menu_item_04,1,38.3,{},
oit_000050_00,ord_000050,menu_item_01,1,28.49,{},
oit_000050_01,ord_000050,menu_item_02,1,28.49,{},
oit_000050_02,ord_000050,menu_item_03,1,28.49,{},
oit_000050_03,ord_000050,menu_item_04,1,28.49,{},
oit_000051_00,ord_000051,menu_item_01,1,23.63,{},
oit_000051_01,ord_000051,menu_item_02,1,23.63,{},
oit_000051_02,ord_000051,menu_item_03,1,23.63,{},
oit_000052_00,ord_000052,menu_item_01,1,22.0,{},
oit_000052_01,ord_000052,menu_item_02,1,22.0,{},
oit_000052_02,ord_000052,menu_item_03,1,22.0,{},
oit_000052_03,ord_000052,menu_item_04,1,22.0,{},
oit_000053_00,ord_000053,menu_item_01,1,23.42,{},
oit_000053_01,ord_000053,menu_item_02,1,23.42,{},
oit_000053_02,ord_000053,menu_item_03,1,23.42,{},
oit_000054_00,ord_000054,menu_item_01,1,29.85,{},
oit_000054_01,ord_000054,menu_item_02,1,29.85,{},
oit_000055_00,ord_000055,menu_item_01,1,20.12,{},
oit_000055_01,ord_000055,menu_item_02,1,20.12,{},
oit_000055_02,ord_000055,menu_item_03,1,20.12,{},
oit_000055_03,ord_000055,menu_item_04,1,20.12,{},
oit_000056_00,ord_000056,menu_item_01,1,34.0,{},
oit_000057_00,ord_000057,menu_item_01,1,27.25,{},
oit_000058_00,ord_000058,menu_item_01,1,26.24,{},
oit_000058_01,ord_000058,menu_item_02,1,26.24,{},
oit_000058_02,ord_000058,menu_item_03,1,26.24,{},
oit_000058_03,ord_000058,menu_item_04,1,26.24,{},
oit_000059_00,ord_000059,menu_item_01,1,23.5,{},
oit_000059_01,ord_000059,menu_item_02,1,23.5,{},
oit_000060_00,ord_000060,menu_item_01,1,22.0,{},
oit_000061_00,ord_000061,menu_item_01,1,24.28,{},
oit_000061_01,ord_000061,menu_item_02,1,24.28,{},
oit_000061_02,ord_000061,menu_item_03,1,24.28,{},
oit_000062_00,ord_000062,menu_item_01,1,11.0,{},
oit_000063_00,ord_000063,menu_item_01,1,35.0,{},
oit_000064_00,ord_000064,menu_item_01,1,25.75,{},
oit_000064_01,ord_000064,menu_item_02,1,25.75,{},
oit_000064_02,ord_000064,menu_item_03,1,25.75,{},
oit_000064_03,ord_000064,menu_item_04,1,25.75,{},
oit_000065_00,ord_000065,menu_item_01,1,23.98,{},
oit_000065_01,ord_000065,menu_item_02,1,23.98,{},
oit_000066_00,ord_000066,menu_item_01,1,29.75,{},
oit_000066_01,ord_000066,menu_item_02,1,29.75,{},
oit_000067_00,ord_000067,menu_item_01,1,21.3,{},
oit_000067_01,ord_000067,menu_item_02,1,21.3,{},
oit_000067_02,ord_000067,menu_item_03,1,21.3,{},
oit_000068_00,ord_000068,menu_item_01,1,9.0,{},
oit_000069_00,ord_000069,menu_item_01,1,36.96,{},
oit_000069_01,ord_000069,menu_item_02,1,36.96,{},
oit_000069_02,ord_000069,menu_item_03,1,36.96,{},
oit_000069_03,ord_000069,menu_item_04,1,36.96,{},
oit_000070_00,ord_000070,menu_item_01,1,39.29,{},
oit_000070_01,ord_000070,menu_item_02,1,39.29,{},
oit_000070_02,ord_000070,menu_item_03,1,39.29,{},
oit_000070_03,ord_000070,menu_item_04,1,39.29,{},
oit_000071_00,ord_000071,menu_item_01,1,32.0,{},
oit_000071_01,ord_000071,menu_item_02,1,32.0,{},
oit_000071_02,ord_000071,menu_item_03,1,32.0,{},
oit_000071_03,ord_000071,menu_item_04,1,32.0,{},
oit_000072_00,ord_000072,menu_item_01,1,28.2,{},
oit_000072_01,ord_000072,menu_item_02,1,28.2,{},
oit_000073_00,ord_000073,menu_item_01,1,21.81,{},
oit_000073_01,ord_000073,menu_item_02,1,21.81,{},
oit_000073_02,ord_000073,menu_item_03,1,21.81,{},
oit_000073_03,ord_000073,menu_item_04,1,21.81,{},
oit_000074_00,ord_000074,menu_item_01,1,21.08,{},
oit_000074_01,ord_000074,menu_item_02,1,21.08,{},
oit_000074_02,ord_000074,menu_item_03,1,21.08,{},
oit_000075_00,ord_000075,menu_item_01,1,12.5,{},
oit_000076_00,ord_000076,menu_item_01,1,13.5,{},
oit_000077_00,ord_000077,menu_item_01,1,12.5,{},
oit_000078_00,ord_000078,menu_item_01,1,29.35,{},
oit_000078_01,ord_000078,menu_item_02,1,29.35,{},
oit_000079_00,ord_000079,menu_item_01,1,22.48,{},
oit_000079_01,ord_000079,menu_item_02,1,22.48,{},
oit_000079_02,ord_000079,menu_item_03,1,22.48,{},
oit_000080_00,ord_000080,menu_item_01,1,31.0,{},
oit_000081_00,ord_000081,menu_item_01,1,25.38,{},
oit_000081_01,ord_000081,menu_item_02,1,25.38,{},
oit_000082_00,ord_000082,menu_item_01,1,24.75,{},
oit_000082_01,ord_000082,menu_item_02,1,24.75,{},
oit_000083_00,ord_000083,menu_item_01,1,35.54,{},
oit_000083_01,ord_000083,menu_item_02,1,35.54,{},
oit_000083_02,ord_000083,menu_item_03,1,35.54,{},
oit_000083_03,ord_000083,menu_item_04,1,35.54,{},
oit_000084_00,ord_000084,menu_item_01,1,26.24,{},
oit_000084_01,ord_000084,menu_item_02,1,26.24,{},
oit_000084_02,ord_000084,menu_item_03,1,26.24,{},
oit_000084_03,ord_000084,menu_item_04,1,26.24,{},
oit_000085_00,ord_000085,menu_item_01,1,22.13,{},
oit_000085_01,ord_000085,menu_item_02,1,22.13,{},
oit_000085_02,ord_000085,menu_item_03,1,22.13,{},
oit_000086_00,ord_000086,menu_item_01,1,17.0,{},
oit_000087_00,ord_000087,menu_item_01,1,25.98,{},
oit_000087_01,ord_000087,menu_item_02,1,25.98,{},
oit_000088_00,ord_000088,menu_item_01,1,21.48,{},
oit_000088_01,ord_000088,menu_item_02,1,21.48,{},
oit_000089_00,ord_000089,menu_item_01,1,13.5,{},
oit_000090_00,ord_000090,menu_item_01,1,31.0,{},
oit_000091_00,ord_000091,menu_item_01,1,7.0,{},
oit_000092_00,ord_000092,menu_item_01,1,30.96,{},
oit_000093_00,ord_000093,menu_item_01,1,21.33,{},
oit_000093_01,ord_000093,menu_item_02,1,21.33,{},
oit_000093_02,ord_000093,menu_item_03,1,21.33,{},
oit_000094_00,ord_000094,menu_item_01,1,23.5,{},
oit_000095_00,ord_000095,menu_item_01,1,23.38,{},
oit_000095_01,ord_000095,menu_item_02,1,23.38,{},
oit_000095_02,ord_000095,menu_item_03,1,23.38,{},
oit_000096_00,ord_000096,menu_item_01,1,20.67,{},
oit_000096_01,ord_000096,menu_item_02,1,20.67,{},
oit_000096_02,ord_000096,menu_item_03,1,20.67,{},
oit_000097_00,ord_000097,menu_item_01,1,31.88,{},
oit_000097_01,ord_000097,menu_item_02,1,31.88,{},
oit_000097_02,ord_000097,menu_item_03,1,31.88,{},
oit_000097_03,ord_000097,menu_item_04,1,31.88,{},
oit_000098_00,ord_000098,menu_item_01,1,37.9,{},
oit_000099_00,ord_000099,menu_item_01,1,23.17,{},
oit_000099_01,ord_000099,menu_item_02,1,23.17,{},
oit_000099_02,ord_000099,menu_item_03,1,23.17,{},
oit_000100_00,ord_000100,menu_item_01,1,24.2,{},
oit_000100_01,ord_000100,menu_item_02,1,24.2,{},
oit_000101_00,ord_000101,menu_item_01,1,21.84,{},
oit_000101_01,ord_000101,menu_item_02,1,21.84,{},
oit_000101_02,ord_000101,menu_item_03,1,21.84,{},
oit_000101_03,ord_000101,menu_item_04,1,21.84,{},
oit_000102_00,ord_000102,menu_item_01,1,26.0,{},
oit_000103_00,ord_000103,menu_item_01,1,36.0,{},
oit_000104_00,ord_000104,menu_item_01,1,23.0,{},
oit_000105_00,ord_000105,menu_item_01,1,25.0,{},
oit_000105_01,ord_000105,menu_item_02,1,25.0,{},
oit_000105_02,ord_000105,menu_item_03,1,25.0,{},
oit_000106_00,ord_000106,menu_item_01,1,23.17,{},
oit_000106_01,ord_000106,menu_item_02,1,23.17,{},
oit_000106_02,ord_000106,menu_item_03,1,23.17,{},
oit_000107_00,ord_000107,menu_item_01,1,25.17,{},
oit_000107_01,ord_000107,menu_item_02,1,25.17,{},
oit_000107_02,ord_000107,menu_item_03,1,25.17,{},
oit_000108_00,ord_000108,menu_item_01,1,23.33,{},
oit_000108_01,ord_000108,menu_item_02,1,23.33,{},
oit_000108_02,ord_000108,menu_item_03,1,23.33,{},
oit_000109_00,ord_000109,menu_item_01,1,29.0,{},
oit_000109_01,ord_000109,menu_item_02,1,29.0,{},
oit_000110_00,ord_000110,menu_item_01,1,29.15,{},
oit_000111_00,ord_000111,menu_item_01,1,28.2,{},
oit_000111_01,ord_000111,menu_item_02,1,28.2,{},
oit_000112_00,ord_000112,menu_item_01,1,26.7,{},
oit_000112_01,ord_000112,menu_item_02,1,26.7,{},
oit_000113_00,ord_000113,menu_item_01,1,21.5,{},
oit_000114_00,ord_000114,menu_item_01,1,34.5,{},
oit_000115_00,ord_000115,menu_item_01,1,25.0,{},
oit_000115_01,ord_000115,menu_item_02,1,25.0,{},
oit_000116_00,ord_000116,menu_item_01,1,25.0,{},
oit_000117_00,ord_000117,menu_item_01,1,26.95,{},
oit_000118_00,ord_000118,menu_item_01,1,20.1,{},
oit_000118_01,ord_000118,menu_item_02,1,20.1,{},
oit_000119_00,ord_000119,menu_item_01,1,16.0,{},
oit_000120_00,ord_000120,menu_item_01,1,18.95,{},
oit_000121_00,ord_000121,menu_item_01,1,20.95,{},
oit_000122_00,ord_000122,menu_item_01,1,16.0,{},
oit_000123_00,ord_000123,menu_item_01,1,24.32,{},
oit_000123_01,ord_000123,menu_item_02,1,24.32,{},
oit_000123_02,ord_000123,menu_item_03,1,24.32,{},
oit_000124_00,ord_000124,menu_item_01,1,28.45,{},
oit_000125_00,ord_000125,menu_item_01,1,27.95,{},
oit_000126_00,ord_000126,menu_item_01,1,25.45,{},
oit_000126_01,ord_000126,menu_item_02,1,25.45,{},
oit_000126_02,ord_000126,menu_item_03,1,25.45,{},
oit_000127_00,ord_000127,menu_item_01,1,24.42,{},
oit_000127_01,ord_000127,menu_item_02,1,24.42,{},
oit_000127_02,ord_000127,menu_item_03,1,24.42,{},
oit_000128_00,ord_000128,menu_item_01,1,20.3,{},
oit_000128_01,ord_000128,menu_item_02,1,20.3,{},
oit_000128_02,ord_000128,menu_item_03,1,20.3,{},
oit_000129_00,ord_000129,menu_item_01,1,25.11,{},
oit_000129_01,ord_000129,menu_item_02,1,25.11,{},
oit_000129_02,ord_000129,menu_item_03,1,25.11,{},
oit_000129_03,ord_000129,menu_item_04,1,25.11,{},
oit_000130_00,ord_000130,menu_item_01,1,22.0,{},
oit_000130_01,ord_000130,menu_item_02,1,22.0,{},
oit_000130_02,ord_000130,menu_item_03,1,22.0,{},
oit_000131_00,ord_000131,menu_item_01,1,28.15,{},
oit_000131_01,ord_000131,menu_item_02,1,28.15,{},
oit_000131_02,ord_000131,menu_item_03,1,28.15,{},
oit_000131_03,ord_000131,menu_item_04,1,28.15,{},
oit_000132_00,ord_000132,menu_item_01,1,24.0,{},
oit_000132_01,ord_000132,menu_item_02,1,24.0,{},
oit_000132_02,ord_000132,menu_item_03,1,24.0,{},
oit_000133_00,ord_000133,menu_item_01,1,33.0,{},
oit_000134_00,ord_000134,menu_item_01,1,22.0,{},
oit_000134_01,ord_000134,menu_item_02,1,22.0,{},
oit_000135_00,ord_000135,menu_item_01,1,21.83,{},
oit_000135_01,ord_000135,menu_item_02,1,21.83,{},
oit_000135_02,ord_000135,menu_item_03,1,21.83,{},
oit_000136_00,ord_000136,menu_item_01,1,12.5,{},
oit_000137_00,ord_000137,menu_item_01,1,31.5,{},
oit_000138_00,ord_000138,menu_item_01,1,28.98,{},
oit_000138_01,ord_000138,menu_item_02,1,28.98,{},
oit_000139_00,ord_000139,menu_item_01,1,23.25,{},
oit_000139_01,ord_000139,menu_item_02,1,23.25,{},
oit_000140_00,ord_000140,menu_item_01,1,16.0,{},
oit_000141_00,ord_000141,menu_item_01,1,28.88,{},
oit_000141_01,ord_000141,menu_item_02,1,28.88,{},
oit_000142_00,ord_000142,menu_item_01,1,22.07,{},
oit_000142_01,ord_000142,menu_item_02,1,22.07,{},
oit_000143_00,ord_000143,menu_item_01,1,25.0,{},
oit_000143_01,ord_000143,menu_item_02,1,25.0,{},
oit_000144_00,ord_000144,menu_item_01,1,20.22,{},
oit_000144_01,ord_000144,menu_item_02,1,20.22,{},
oit_000144_02,ord_000144,menu_item_03,1,20.22,{},
oit_000145_00,ord_000145,menu_item_01,1,4.5,{},
oit_000146_00,ord_000146,menu_item_01,1,20.42,{},
oit_000146_01,ord_000146,menu_item_02,1,20.42,{},
oit_000146_02,ord_000146,menu_item_03,1,20.42,{},
oit_000147_00,ord_000147,menu_item_01,1,25.86,{},
oit_000147_01,ord_000147,menu_item_02,1,25.86,{},
oit_000147_02,ord_000147,menu_item_03,1,25.86,{},
oit_000147_03,ord_000147,menu_item_04,1,25.86,{},
oit_000148_00,ord_000148,menu_item_01,1,31.54,{},
oit_000148_01,ord_000148,menu_item_02,1,31.54,{},
oit_000148_02,ord_000148,menu_item_03,1,31.54,{},
oit_000148_03,ord_000148,menu_item_04,1,31.54,{},
oit_000149_00,ord_000149,menu_item_01,1,26.5,{},
oit_000149_01,ord_000149,menu_item_02,1,26.5,{},
oit_000150_00,ord_000150,menu_item_01,1,20.5,{},
oit_000150_01,ord_000150,menu_item_02,1,20.5,{},
oit_000150_02,ord_000150,menu_item_03,1,20.5,{},
oit_000150_03,ord_000150,menu_item_04,1,20.5,{},
oit_000151_00,ord_000151,menu_item_01,1,46.96,{},
oit_000151_01,ord_000151,menu_item_02,1,46.96,{},
oit_000151_02,ord_000151,menu_item_03,1,46.96,{},
oit_000151_03,ord_000151,menu_item_04,1,46.96,{},
oit_000152_00,ord_000152,menu_item_01,1,23.7,{},
oit_000152_01,ord_000152,menu_item_02,1,23.7,{},
oit_000152_02,ord_000152,menu_item_03,1,23.7,{},
oit_000152_03,ord_000152,menu_item_04,1,23.7,{},
oit_000153_00,ord_000153,menu_item_01,1,27.85,{},
oit_000153_01,ord_000153,menu_item_02,1,27.85,{},
oit_000153_02,ord_000153,menu_item_03,1,27.85,{},
oit_000153_03,ord_000153,menu_item_04,1,27.85,{},
oit_000154_00,ord_000154,menu_item_01,1,32.5,{},
oit_000155_00,ord_000155,menu_item_01,1,38.9,{},
oit_000155_01,ord_000155,menu_item_02,1,38.9,{},
oit_000155_02,ord_000155,menu_item_03,1,38.9,{},
oit_000155_03,ord_000155,menu_item_04,1,38.9,{},
oit_000156_00,ord_000156,menu_item_01,1,34.09,{},
oit_000156_01,ord_000156,menu_item_02,1,34.09,{},
oit_000156_02,ord_000156,menu_item_03,1,34.09,{},
oit_000156_03,ord_000156,menu_item_04,1,34.09,{},
oit_000157_00,ord_000157,menu_item_01,1,40.75,{},
oit_000157_01,ord_000157,menu_item_02,1,40.75,{},
oit_000157_02,ord_000157,menu_item_03,1,40.75,{},
oit_000157_03,ord_000157,menu_item_04,1,40.75,{},
oit_000158_00,ord_000158,menu_item_01,1,24.0,{},
oit_000158_01,ord_000158,menu_item_02,1,24.0,{},
oit_000158_02,ord_000158,menu_item_03,1,24.0,{},
oit_000159_00,ord_000159,menu_item_01,1,23.25,{},
oit_000159_01,ord_000159,menu_item_02,1,23.25,{},
oit_000159_02,ord_000159,menu_item_03,1,23.25,{},
oit_000159_03,ord_000159,menu_item_04,1,23.25,{},
oit_000160_00,ord_000160,menu_item_01,1,22.73,{},
oit_000160_01,ord_000160,menu_item_02,1,22.73,{},
oit_000160_02,ord_000160,menu_item_03,1,22.73,{},
oit_000160_03,ord_000160,menu_item_04,1,22.73,{},
oit_000161_00,ord_000161,menu_item_01,1,26.34,{},
oit_000161_01,ord_000161,menu_item_02,1,26.34,{},
oit_000161_02,ord_000161,menu_item_03,1,26.34,{},
oit_000161_03,ord_000161,menu_item_04,1,26.34,{},
oit_000162_00,ord_000162,menu_item_01,1,27.34,{},
oit_000162_01,ord_000162,menu_item_02,1,27.34,{},
oit_000162_02,ord_000162,menu_item_03,1,27.34,{},
oit_000162_03,ord_000162,menu_item_04,1,27.34,{},
oit_000163_00,ord_000163,menu_item_01,1,54.6,{},
oit_000163_01,ord_000163,menu_item_02,1,54.6,{},
oit_000163_02,ord_000163,menu_item_03,1,54.6,{},
oit_000163_03,ord_000163,menu_item_04,1,54.6,{},
oit_000164_00,ord_000164,menu_item_01,1,21.91,{},
oit_000164_01,ord_000164,menu_item_02,1,21.91,{},
oit_000164_02,ord_000164,menu_item_03,1,21.91,{},
oit_000164_03,ord_000164,menu_item_04,1,21.91,{},
oit_000165_00,ord_000165,menu_item_01,1,21.91,{},
oit_000165_01,ord_000165,menu_item_02,1,21.91,{},
oit_000165_02,ord_000165,menu_item_03,1,21.91,{},
oit_000165_03,ord_000165,menu_item_04,1,21.91,{},
oit_000166_00,ord_000166,menu_item_01,1,24.38,{},
oit_000166_01,ord_000166,menu_item_02,1,24.38,{},
oit_000166_02,ord_000166,menu_item_03,1,24.38,{},
oit_000166_03,ord_000166,menu_item_04,1,24.38,{},
oit_000167_00,ord_000167,menu_item_01,1,23.93,{},
oit_000167_01,ord_000167,menu_item_02,1,23.93,{},
oit_000167_02,ord_000167,menu_item_03,1,23.93,{},
oit_000167_03,ord_000167,menu_item_04,1,23.93,{},
oit_000168_00,ord_000168,menu_item_01,1,26.69,{},
oit_000168_01,ord_000168,menu_item_02,1,26.69,{},
oit_000168_02,ord_000168,menu_item_03,1,26.69,{},
oit_000168_03,ord_000168,menu_item_04,1,26.69,{},
oit_000169_00,ord_000169,menu_item_01,1,29.0,{},
oit_000169_01,ord_000169,menu_item_02,1,29.0,{},
oit_000170_00,ord_000170,menu_item_01,1,38.4,{},
oit_000171_00,ord_000171,menu_item_01,1,22.0,{},
oit_000172_00,ord_000172,menu_item_01,1,30.2,{},
oit_000173_00,ord_000173,menu_item_01,1,31.45,{},
oit_000174_00,ord_000174,menu_item_01,1,21.2,{},
oit_000174_01,ord_000174,menu_item_02,1,21.2,{},
oit_000175_00,ord_000175,menu_item_01,1,23.45,{},
oit_000176_00,ord_000176,menu_item_01,1,20.38,{},
oit_000176_01,ord_000176,menu_item_02,1,20.38,{},
oit_000177_00,ord_000177,menu_item_01,1,30.2,{},
oit_000178_00,ord_000178,menu_item_01,1,32.0,{},
oit_000179_00,ord_000179,menu_item_01,1,24.0,{},
oit_000180_00,ord_000180,menu_item_01,1,20.95,{},
oit_000180_01,ord_000180,menu_item_02,1,20.95,{},
oit_000180_02,ord_000180,menu_item_03,1,20.95,{},
oit_000181_00,ord_000181,menu_item_01,1,22.0,{},
oit_000181_01,ord_000181,menu_item_02,1,22.0,{},
oit_000182_00,ord_000182,menu_item_01,1,20.5,{},
oit_000182_01,ord_000182,menu_item_02,1,20.5,{},
oit_000182_02,ord_000182,menu_item_03,1,20.5,{},
oit_000182_03,ord_000182,menu_item_04,1,20.5,{},
oit_000183_00,ord_000183,menu_item_01,1,25.28,{},
oit_000183_01,ord_000183,menu_item_02,1,25.28,{},
oit_000183_02,ord_000183,menu_item_03,1,25.28,{},
oit_000184_00,ord_000184,menu_item_01,1,23.63,{},
oit_000184_01,ord_000184,menu_item_02,1,23.63,{},
oit_000184_02,ord_000184,menu_item_03,1,23.63,{},
oit_000185_00,ord_000185,menu_item_01,1,20.6,{},
oit_000185_01,ord_000185,menu_item_02,1,20.6,{},
oit_000185_02,ord_000185,menu_item_03,1,20.6,{},
oit_000185_03,ord_000185,menu_item_04,1,20.6,{},
oit_000186_00,ord_000186,menu_item_01,1,27.5,{},
oit_000186_01,ord_000186,menu_item_02,1,27.5,{},
oit_000187_00,ord_000187,menu_item_01,1,25.13,{},
oit_000187_01,ord_000187,menu_item_02,1,25.13,{},
oit_000187_02,ord_000187,menu_item_03,1,25.13,{},
oit_000188_00,ord_000188,menu_item_01,1,32.0,{},
oit_000189_00,ord_000189,menu_item_01,1,24.73,{},
oit_000189_01,ord_000189,menu_item_02,1,24.73,{},
oit_000190_00,ord_000190,menu_item_01,1,28.0,{},
oit_000191_00,ord_000191,menu_item_01,1,35.5,{},
oit_000192_00,ord_000192,menu_item_01,1,22.73,{},
oit_000192_01,ord_000192,menu_item_02,1,22.73,{},
oit_000193_00,ord_000193,menu_item_01,1,35.0,{},
oit_000194_00,ord_000194,menu_item_01,1,20.8,{},
oit_000194_01,ord_000194,menu_item_02,1,20.8,{},
oit_000194_02,ord_000194,menu_item_03,1,20.8,{},
oit_000195_00,ord_000195,menu_item_01,1,22.85,{},
oit_000195_01,ord_000195,menu_item_02,1,22.85,{},
oit_000195_02,ord_000195,menu_item_03,1,22.85,{},
oit_000195_03,ord_000195,menu_item_04,1,22.85,{},
oit_000196_00,ord_000196,menu_item_01,1,24.23,{},
oit_000196_01,ord_000196,menu_item_02,1,24.23,{},
oit_000196_02,ord_000196,menu_item_03,1,24.23,{},
oit_000197_00,ord_000197,menu_item_01,1,27.0,{},
oit_000197_01,ord_000197,menu_item_02,1,27.0,{},
oit_000198_00,ord_000198,menu_item_01,1,20.88,{},
oit_000198_01,ord_000198,menu_item_02,1,20.88,{},
oit_000198_02,ord_000198,menu_item_03,1,20.88,{},
oit_000198_03,ord_000198,menu_item_04,1,20.88,{},
oit_000199_00,ord_000199,menu_item_01,1,21.56,{},
oit_000199_01,ord_000199,menu_item_02,1,21.56,{},
oit_000199_02,ord_000199,menu_item_03,1,21.56,{},
oit_000199_03,ord_000199,menu_item_04,1,21.56,{},
oit_000200_00,ord_000200,menu_item_01,1,26.42,{},
oit_000200_01,ord_000200,menu_item_02,1,26.42,{},
oit_000200_02,ord_000200,menu_item_03,1,26.42,{},
oit_000201_00,ord_000201,menu_item_01,1,24.17,{},
oit_000201_01,ord_000201,menu_item_02,1,24.17,{},
oit_000201_02,ord_000201,menu_item_03,1,24.17,{},
oit_000202_00,ord_000202,menu_item_01,1,30.86,{},
oit_000202_01,ord_000202,menu_item_02,1,30.86,{},
oit_000202_02,ord_000202,menu_item_03,1,30.86,{},
oit_000202_03,ord_000202,menu_item_04,1,30.86,{},
oit_000203_00,ord_000203,menu_item_01,1,27.5,{},
oit_000203_01,ord_000203,menu_item_02,1,27.5,{},
oit_000204_00,ord_000204,menu_item_01,1,25.43,{},
oit_000204_01,ord_000204,menu_item_02,1,25.43,{},
oit_000204_02,ord_000204,menu_item_03,1,25.43,{},
oit_000204_03,ord_000204,menu_item_04,1,25.43,{},
oit_000205_00,ord_000205,menu_item_01,1,21.75,{},
oit_000205_01,ord_000205,menu_item_02,1,21.75,{},
oit_000205_02,ord_000205,menu_item_03,1,21.75,{},
oit_000205_03,ord_000205,menu_item_04,1,21.75,{},
oit_000206_00,ord_000206,menu_item_01,1,25.5,{},
oit_000206_01,ord_000206,menu_item_02,1,25.5,{},
oit_000206_02,ord_000206,menu_item_03,1,25.5,{},
oit_000207_00,ord_000207,menu_item_01,1,35.5,{},
oit_000208_00,ord_000208,menu_item_01,1,28.45,{},
oit_000208_01,ord_000208,menu_item_02,1,28.45,{},
oit_000209_00,ord_000209,menu_item_01,1,27.23,{},
oit_000209_01,ord_000209,menu_item_02,1,27.23,{},
oit_000210_00,ord_000210,menu_item_01,1,23.75,{},
oit_000210_01,ord_000210,menu_item_02,1,23.75,{},
oit_000211_00,ord_000211,menu_item_01,1,16.0,{},
oit_000212_00,ord_000212,menu_item_01,1,26.0,{},
oit_000212_01,ord_000212,menu_item_02,1,26.0,{},
oit_000213_00,ord_000213,menu_item_01,1,24.5,{},
oit_000214_00,ord_000214,menu_item_01,1,25.94,{},
oit_000214_01,ord_000214,menu_item_02,1,25.94,{},
oit_000214_02,ord_000214,menu_item_03,1,25.94,{},
oit_000214_03,ord_000214,menu_item_04,1,25.94,{},
oit_000215_00,ord_000215,menu_item_01,1,22.17,{},
oit_000215_01,ord_000215,menu_item_02,1,22.17,{},
oit_000215_02,ord_000215,menu_item_03,1,22.17,{},
oit_000216_00,ord_000216,menu_item_01,1,34.4,{},
oit_000216_01,ord_000216,menu_item_02,1,34.4,{},
oit_000216_02,ord_000216,menu_item_03,1,34.4,{},
oit_000216_03,ord_000216,menu_item_04,1,34.4,{},
oit_000217_00,ord_000217,menu_item_01,1,28.4,{},
oit_000217_01,ord_000217,menu_item_02,1,28.4,{},
oit_000217_02,ord_000217,menu_item_03,1,28.4,{},
oit_000217_03,ord_000217,menu_item_04,1,28.4,{},
oit_000218_00,ord_000218,menu_item_01,1,25.65,{},
oit_000218_01,ord_000218,menu_item_02,1,25.65,{},
oit_000218_02,ord_000218,menu_item_03,1,25.65,{},
oit_000219_00,ord_000219,menu_item_01,1,25.0,{},
oit_000220_00,ord_000220,menu_item_01,1,20.48,{},
oit_000220_01,ord_000220,menu_item_02,1,20.48,{},
oit_000221_00,ord_000221,menu_item_01,1,22.97,{},
oit_000221_01,ord_000221,menu_item_02,1,22.97,{},
oit_000221_02,ord_000221,menu_item_03,1,22.97,{},
oit_000222_00,ord_000222,menu_item_01,1,26.33,{},
oit_000222_01,ord_000222,menu_item_02,1,26.33,{},
oit_000222_02,ord_000222,menu_item_03,1,26.33,{},
oit_000223_00,ord_000223,menu_item_01,1,39.74,{},
oit_000223_01,ord_000223,menu_item_02,1,39.74,{},
oit_000223_02,ord_000223,menu_item_03,1,39.74,{},
oit_000223_03,ord_000223,menu_item_04,1,39.74,{},
oit_000224_00,ord_000224,menu_item_01,1,7.0,{},
oit_000225_00,ord_000225,menu_item_01,1,34.95,{},
oit_000226_00,ord_000226,menu_item_01,1,20.32,{},
oit_000226_01,ord_000226,menu_item_02,1,20.32,{},
oit_000227_00,ord_000227,menu_item_01,1,24.0,{},
oit_000227_01,ord_000227,menu_item_02,1,24.0,{},
oit_000228_00,ord_000228,menu_item_01,1,34.5,{},
oit_000229_00,ord_000229,menu_item_01,1,27.38,{},
oit_000229_01,ord_000229,menu_item_02,1,27.38,{},
oit_000229_02,ord_000229,menu_item_03,1,27.38,{},
oit_000229_03,ord_000229,menu_item_04,1,27.38,{},
oit_000230_00,ord_000230,menu_item_01,1,25.73,{},
oit_000230_01,ord_000230,menu_item_02,1,25.73,{},
oit_000231_00,ord_000231,menu_item_01,1,20.48,{},
oit_000231_01,ord_000231,menu_item_02,1,20.48,{},
oit_000232_00,ord_000232,menu_item_01,1,23.75,{},
oit_000232_01,ord_000232,menu_item_02,1,23.75,{},
oit_000233_00,ord_000233,menu_item_01,1,20.95,{},
oit_000234_00,ord_000234,menu_item_01,1,16.0,{},
oit_000235_00,ord_000235,menu_item_01,1,18.95,{},
oit_000236_00,ord_000236,menu_item_01,1,27.0,{},
oit_000237_00,ord_000237,menu_item_01,1,24.95,{},
oit_000237_01,ord_000237,menu_item_02,1,24.95,{},
oit_000238_00,ord_000238,menu_item_01,1,23.12,{},
oit_000238_01,ord_000238,menu_item_02,1,23.12,{},
oit_000238_02,ord_000238,menu_item_03,1,23.12,{},
oit_000238_03,ord_000238,menu_item_04,1,23.12,{},
oit_000239_00,ord_000239,menu_item_01,1,21.73,{},
oit_000239_01,ord_000239,menu_item_02,1,21.73,{},
oit_000239_02,ord_000239,menu_item_03,1,21.73,{},
oit_000239_03,ord_000239,menu_item_04,1,21.73,{},
oit_000240_00,ord_000240,menu_item_01,1,23.0,{},
oit_000240_01,ord_000240,menu_item_02,1,23.0,{},
oit_000241_00,ord_000241,menu_item_01,1,25.18,{},
oit_000241_01,ord_000241,menu_item_02,1,25.18,{},
oit_000241_02,ord_000241,menu_item_03,1,25.18,{},
oit_000241_03,ord_000241,menu_item_04,1,25.18,{},
oit_000242_00,ord_000242,menu_item_01,1,22.5,{},
oit_000242_01,ord_000242,menu_item_02,1,22.5,{},
oit_000243_00,ord_000243,menu_item_01,1,38.0,{},
oit_000243_01,ord_000243,menu_item_02,1,38.0,{},
oit_000243_02,ord_000243,menu_item_03,1,38.0,{},
oit_000243_03,ord_000243,menu_item_04,1,38.0,{},
oit_000244_00,ord_000244,menu_item_01,1,20.36,{},
oit_000244_01,ord_000244,menu_item_02,1,20.36,{},
oit_000244_02,ord_000244,menu_item_03,1,20.36,{},
oit_000244_03,ord_000244,menu_item_04,1,20.36,{},
oit_000245_00,ord_000245,menu_item_01,1,20.25,{},
oit_000245_01,ord_000245,menu_item_02,1,20.25,{},
oit_000246_00,ord_000246,menu_item_01,1,24.75,{},
oit_000246_01,ord_000246,menu_item_02,1,24.75,{},
oit_000246_02,ord_000246,menu_item_03,1,24.75,{},
oit_000247_00,ord_000247,menu_item_01,1,33.5,{},
oit_000248_00,ord_000248,menu_item_01,1,13.5,{},
oit_000249_00,ord_000249,menu_item_01,1,18.95,{},
oit_000250_00,ord_000250,menu_item_01,1,37.5,{},
oit_000251_00,ord_000251,menu_item_01,1,30.9,{},
oit_000252_00,ord_000252,menu_item_01,1,16.0,{},
oit_000253_00,ord_000253,menu_item_01,1,22.75,{},
oit_000253_01,ord_000253,menu_item_02,1,22.75,{},
oit_000253_02,ord_000253,menu_item_03,1,22.75,{},
oit_000253_03,ord_000253,menu_item_04,1,22.75,{},
oit_000254_00,ord_000254,menu_item_01,1,38.0,{},
oit_000255_00,ord_000255,menu_item_01,1,27.75,{},
oit_000255_01,ord_000255,menu_item_02,1,27.75,{},
oit_000256_00,ord_000256,menu_item_01,1,27.5,{},
oit_000257_00,ord_000257,menu_item_01,1,26.25,{},
oit_000257_01,ord_000257,menu_item_02,1,26.25,{},
oit_000258_00,ord_000258,menu_item_01,1,29.75,{},
oit_000258_01,ord_000258,menu_item_02,1,29.75,{},
oit_000259_00,ord_000259,menu_item_01,1,39.12,{},
oit_000259_01,ord_000259,menu_item_02,1,39.12,{},
oit_000259_02,ord_000259,menu_item_03,1,39.12,{},
oit_000259_03,ord_000259,menu_item_04,1,39.12,{},
oit_000260_00,ord_000260,menu_item_01,1,21.74,{},
oit_000260_01,ord_000260,menu_item_02,1,21.74,{},
oit_000260_02,ord_000260,menu_item_03,1,21.74,{},
oit_000260_03,ord_000260,menu_item_04,1,21.74,{},
oit_000261_00,ord_000261,menu_item_01,1,42.29,{},
oit_000261_01,ord_000261,menu_item_02,1,42.29,{},
oit_000261_02,ord_000261,menu_item_03,1,42.29,{},
oit_000261_03,ord_000261,menu_item_04,1,42.29,{},
oit_000262_00,ord_000262,menu_item_01,1,32.95,{},
oit_000263_00,ord_000263,menu_item_01,1,26.2,{},
oit_000264_00,ord_000264,menu_item_01,1,28.7,{},
oit_000264_01,ord_000264,menu_item_02,1,28.7,{},
oit_000265_00,ord_000265,menu_item_01,1,44.4,{},
oit_000265_01,ord_000265,menu_item_02,1,44.4,{},
oit_000265_02,ord_000265,menu_item_03,1,44.4,{},
oit_000265_03,ord_000265,menu_item_04,1,44.4,{},
oit_000266_00,ord_000266,menu_item_01,1,25.0,{},
oit_000266_01,ord_000266,menu_item_02,1,25.0,{},
oit_000266_02,ord_000266,menu_item_03,1,25.0,{},
oit_000266_03,ord_000266,menu_item_04,1,25.0,{},
oit_000267_00,ord_000267,menu_item_01,1,33.06,{},
oit_000267_01,ord_000267,menu_item_02,1,33.06,{},
oit_000267_02,ord_000267,menu_item_03,1,33.06,{},
oit_000267_03,ord_000267,menu_item_04,1,33.06,{},
oit_000268_00,ord_000268,menu_item_01,1,23.24,{},
oit_000268_01,ord_000268,menu_item_02,1,23.24,{},
oit_000268_02,ord_000268,menu_item_03,1,23.24,{},
oit_000268_03,ord_000268,menu_item_04,1,23.24,{},
oit_000269_00,ord_000269,menu_item_01,1,20.77,{},
oit_000269_01,ord_000269,menu_item_02,1,20.77,{},
oit_000269_02,ord_000269,menu_item_03,1,20.77,{},
oit_000270_00,ord_000270,menu_item_01,1,21.98,{},
oit_000270_01,ord_000270,menu_item_02,1,21.98,{},
oit_000271_00,ord_000271,menu_item_01,1,35.9,{},
oit_000272_00,ord_000272,menu_item_01,1,18.0,{},
oit_000273_00,ord_000273,menu_item_01,1,22.62,{},
oit_000273_01,ord_000273,menu_item_02,1,22.62,{},
oit_000274_00,ord_000274,menu_item_01,1,23.73,{},
oit_000274_01,ord_000274,menu_item_02,1,23.73,{},
oit_000274_02,ord_000274,menu_item_03,1,23.73,{},
oit_000274_03,ord_000274,menu_item_04,1,23.73,{},
oit_000275_00,ord_000275,menu_item_01,1,23.23,{},
oit_000275_01,ord_000275,menu_item_02,1,23.23,{},
oit_000275_02,ord_000275,menu_item_03,1,23.23,{},
oit_000275_03,ord_000275,menu_item_04,1,23.23,{},
oit_000276_00,ord_000276,menu_item_01,1,21.1,{},
oit_000276_01,ord_000276,menu_item_02,1,21.1,{},
oit_000276_02,ord_000276,menu_item_03,1,21.1,{},
oit_000276_03,ord_000276,menu_item_04,1,21.1,{},
oit_000277_00,ord_000277,menu_item_01,1,23.11,{},
oit_000277_01,ord_000277,menu_item_02,1,23.11,{},
oit_000277_02,ord_000277,menu_item_03,1,23.11,{},
oit_000277_03,ord_000277,menu_item_04,1,23.11,{},
oit_000278_00,ord_000278,menu_item_01,1,26.25,{},
oit_000278_01,ord_000278,menu_item_02,1,26.25,{},
oit_000278_02,ord_000278,menu_item_03,1,26.25,{},
oit_000279_00,ord_000279,menu_item_01,1,22.83,{},
oit_000279_01,ord_000279,menu_item_02,1,22.83,{},
oit_000279_02,ord_000279,menu_item_03,1,22.83,{},
oit_000280_00,ord_000280,menu_item_01,1,21.72,{},
oit_000280_01,ord_000280,menu_item_02,1,21.72,{},
oit_000280_02,ord_000280,menu_item_03,1,21.72,{},
oit_000281_00,ord_000281,menu_item_01,1,22.15,{},
oit_000281_01,ord_000281,menu_item_02,1,22.15,{},
oit_000281_02,ord_000281,menu_item_03,1,22.15,{},
oit_000282_00,ord_000282,menu_item_01,1,34.5,{},
oit_000283_00,ord_000283,menu_item_01,1,23.0,{},
oit_000284_00,ord_000284,menu_item_01,1,36.1,{},
oit_000284_01,ord_000284,menu_item_02,1,36.1,{},
oit_000284_02,ord_000284,menu_item_03,1,36.1,{},
oit_000284_03,ord_000284,menu_item_04,1,36.1,{},
oit_000285_00,ord_000285,menu_item_01,1,4.5,{},
oit_000286_00,ord_000286,menu_item_01,1,29.25,{},
oit_000286_01,ord_000286,menu_item_02,1,29.25,{},
oit_000287_00,ord_000287,menu_item_01,1,24.08,{},
oit_000287_01,ord_000287,menu_item_02,1,24.08,{},
oit_000287_02,ord_000287,menu_item_03,1,24.08,{},
oit_000288_00,ord_000288,menu_item_01,1,28.25,{},
oit_000288_01,ord_000288,menu_item_02,1,28.25,{},
oit_000289_00,ord_000289,menu_item_01,1,49.12,{},
oit_000289_01,ord_000289,menu_item_02,1,49.12,{},
oit_000289_02,ord_000289,menu_item_03,1,49.12,{},
oit_000289_03,ord_000289,menu_item_04,1,49.12,{},
oit_000290_00,ord_000290,menu_item_01,1,23.98,{},
oit_000290_01,ord_000290,menu_item_02,1,23.98,{},
oit_000290_02,ord_000290,menu_item_03,1,23.98,{},
oit_000291_00,ord_000291,menu_item_01,1,20.25,{},
oit_000291_01,ord_000291,menu_item_02,1,20.25,{},
oit_000292_00,ord_000292,menu_item_01,1,26.0,{},
oit_000292_01,ord_000292,menu_item_02,1,26.0,{},
oit_000292_02,ord_000292,menu_item_03,1,26.0,{},
oit_000293_00,ord_000293,menu_item_01,1,21.3,{},
oit_000293_01,ord_000293,menu_item_02,1,21.3,{},
oit_000293_02,ord_000293,menu_item_03,1,21.3,{},
oit_000294_00,ord_000294,menu_item_01,1,22.97,{},
oit_000294_01,ord_000294,menu_item_02,1,22.97,{},
oit_000294_02,ord_000294,menu_item_03,1,22.97,{},
oit_000295_00,ord_000295,menu_item_01,1,23.25,{},
oit_000295_01,ord_000295,menu_item_02,1,23.25,{},
oit_000296_00,ord_000296,menu_item_01,1,27.5,{},
oit_000297_00,ord_000297,menu_item_01,1,29.62,{},
oit_000297_01,ord_000297,menu_item_02,1,29.62,{},
oit_000298_00,ord_000298,menu_item_01,1,49.11,{},
oit_000298_01,ord_000298,menu_item_02,1,49.11,{},
oit_000298_02,ord_000298,menu_item_03,1,49.11,{},
oit_000298_03,ord_000298,menu_item_04,1,49.11,{},
oit_000299_00,ord_000299,menu_item_01,1,28.75,{},
oit_000300_00,ord_000300,menu_item_01,1,14.0,{},
oit_000301_00,ord_000301,menu_item_01,1,29.5,{},
oit_000302_00,ord_000302,menu_item_01,1,22.5,{},
oit_000302_01,ord_000302,menu_item_02,1,22.5,{},
oit_000303_00,ord_000303,menu_item_01,1,26.24,{},
oit_000303_01,ord_000303,menu_item_02,1,26.24,{},
oit_000303_02,ord_000303,menu_item_03,1,26.24,{},
oit_000303_03,ord_000303,menu_item_04,1,26.24,{},
oit_000304_00,ord_000304,menu_item_01,1,28.0,{},
oit_000304_01,ord_000304,menu_item_02,1,28.0,{},
oit_000305_00,ord_000305,menu_item_01,1,22.0,{},
oit_000305_01,ord_000305,menu_item_02,1,22.0,{},
oit_000305_02,ord_000305,menu_item_03,1,22.0,{},
oit_000306_00,ord_000306,menu_item_01,1,24.05,{},
oit_000306_01,ord_000306,menu_item_02,1,24.05,{},
oit_000306_02,ord_000306,menu_item_03,1,24.05,{},
oit_000307_00,ord_000307,menu_item_01,1,49.69,{},
oit_000307_01,ord_000307,menu_item_02,1,49.69,{},
oit_000307_02,ord_000307,menu_item_03,1,49.69,{},
oit_000307_03,ord_000307,menu_item_04,1,49.69,{},
oit_000308_00,ord_000308,menu_item_01,1,24.5,{},
oit_000309_00,ord_000309,menu_item_01,1,34.0,{},
oit_000310_00,ord_000310,menu_item_01,1,22.25,{},
oit_000310_01,ord_000310,menu_item_02,1,22.25,{},
oit_000311_00,ord_000311,menu_item_01,1,23.33,{},
oit_000311_01,ord_000311,menu_item_02,1,23.33,{},
oit_000311_02,ord_000311,menu_item_03,1,23.33,{},
oit_000312_00,ord_000312,menu_item_01,1,20.17,{},
oit_000312_01,ord_000312,menu_item_02,1,20.17,{},
oit_000312_02,ord_000312,menu_item_03,1,20.17,{},
oit_000313_00,ord_000313,menu_item_01,1,25.67,{},
oit_000313_01,ord_000313,menu_item_02,1,25.67,{},
oit_000313_02,ord_000313,menu_item_03,1,25.67,{},
oit_000314_00,ord_000314,menu_item_01,1,21.33,{},
oit_000314_01,ord_000314,menu_item_02,1,21.33,{},
oit_000314_02,ord_000314,menu_item_03,1,21.33,{},
oit_000315_00,ord_000315,menu_item_01,1,23.17,{},
oit_000315_01,ord_000315,menu_item_02,1,23.17,{},
oit_000315_02,ord_000315,menu_item_03,1,23.17,{},
oit_000316_00,ord_000316,menu_item_01,1,28.0,{},
oit_000317_00,ord_000317,menu_item_01,1,38.0,{},
oit_000318_00,ord_000318,menu_item_01,1,36.5,{},
oit_000319_00,ord_000319,menu_item_01,1,26.33,{},
oit_000319_01,ord_000319,menu_item_02,1,26.33,{},
oit_000319_02,ord_000319,menu_item_03,1,26.33,{},
oit_000320_00,ord_000320,menu_item_01,1,28.0,{},
oit_000321_00,ord_000321,menu_item_01,1,22.47,{},
oit_000321_01,ord_000321,menu_item_02,1,22.47,{},
oit_000321_02,ord_000321,menu_item_03,1,22.47,{},
oit_000322_00,ord_000322,menu_item_01,1,23.0,{},
oit_000322_01,ord_000322,menu_item_02,1,23.0,{},
oit_000323_00,ord_000323,menu_item_01,1,38.12,{},
oit_000323_01,ord_000323,menu_item_02,1,38.12,{},
oit_000323_02,ord_000323,menu_item_03,1,38.12,{},
oit_000323_03,ord_000323,menu_item_04,1,38.12,{},
oit_000324_00,ord_000324,menu_item_01,1,77.19,{},
oit_000324_01,ord_000324,menu_item_02,1,77.19,{},
oit_000324_02,ord_000324,menu_item_03,1,77.19,{},
oit_000324_03,ord_000324,menu_item_04,1,77.19,{},
oit_000325_00,ord_000325,menu_item_01,1,27.23,{},
oit_000325_01,ord_000325,menu_item_02,1,27.23,{},
oit_000325_02,ord_000325,menu_item_03,1,27.23,{},
oit_000325_03,ord_000325,menu_item_04,1,27.23,{},
oit_000326_00,ord_000326,menu_item_01,1,41.55,{},
oit_000326_01,ord_000326,menu_item_02,1,41.55,{},
oit_000326_02,ord_000326,menu_item_03,1,41.55,{},
oit_000326_03,ord_000326,menu_item_04,1,41.55,{},
oit_000327_00,ord_000327,menu_item_01,1,12.75,{},
oit_000328_00,ord_000328,menu_item_01,1,33.48,{},
oit_000328_01,ord_000328,menu_item_02,1,33.48,{},
oit_000328_02,ord_000328,menu_item_03,1,33.48,{},
oit_000328_03,ord_000328,menu_item_04,1,33.48,{},
oit_000329_00,ord_000329,menu_item_01,1,25.0,{},
oit_000330_00,ord_000330,menu_item_01,1,13.5,{},
oit_000331_00,ord_000331,menu_item_01,1,31.5,{},
oit_000332_00,ord_000332,menu_item_01,1,39.0,{},
oit_000333_00,ord_000333,menu_item_01,1,16.0,{},
oit_000334_00,ord_000334,menu_item_01,1,18.0,{},
oit_000335_00,ord_000335,menu_item_01,1,16.0,{},
oit_000336_00,ord_000336,menu_item_01,1,25.0,{},
oit_000337_00,ord_000337,menu_item_01,1,12.5,{},
oit_000338_00,ord_000338,menu_item_01,1,22.7,{},
oit_000339_00,ord_000339,menu_item_01,1,16.0,{},
oit_000340_00,ord_000340,menu_item_01,1,17.5,{},
oit_000341_00,ord_000341,menu_item_01,1,22.0,{},
oit_000341_01,ord_000341,menu_item_02,1,22.0,{},
oit_000341_02,ord_000341,menu_item_03,1,22.0,{},
oit_000342_00,ord_000342,menu_item_01,1,35.95,{},
oit_000343_00,ord_000343,menu_item_01,1,30.0,{},
oit_000344_00,ord_000344,menu_item_01,1,28.5,{},
oit_000345_00,ord_000345,menu_item_01,1,30.0,{},
oit_000346_00,ord_000346,menu_item_01,1,33.0,{},
oit_000347_00,ord_000347,menu_item_01,1,21.13,{},
oit_000347_01,ord_000347,menu_item_02,1,21.13,{},
oit_000347_02,ord_000347,menu_item_03,1,21.13,{},
oit_000348_00,ord_000348,menu_item_01,1,34.0,{},
oit_000349_00,ord_000349,menu_item_01,1,32.83,{},
oit_000349_01,ord_000349,menu_item_02,1,32.83,{},
oit_000349_02,ord_000349,menu_item_03,1,32.83,{},
oit_000349_03,ord_000349,menu_item_04,1,32.83,{},
oit_000350_00,ord_000350,menu_item_01,1,26.88,{},
oit_000350_01,ord_000350,menu_item_02,1,26.88,{},
oit_000351_00,ord_000351,menu_item_01,1,24.0,{},
oit_000351_01,ord_000351,menu_item_02,1,24.0,{},
oit_000352_00,ord_000352,menu_item_01,1,38.5,{},
oit_000353_00,ord_000353,menu_item_01,1,31.45,{},
oit_000354_00,ord_000354,menu_item_01,1,22.0,{},
oit_000354_01,ord_000354,menu_item_02,1,22.0,{},
oit_000354_02,ord_000354,menu_item_03,1,22.0,{},
oit_000355_00,ord_000355,menu_item_01,1,22.95,{},
oit_000355_01,ord_000355,menu_item_02,1,22.95,{},
oit_000356_00,ord_000356,menu_item_01,1,21.88,{},
oit_000356_01,ord_000356,menu_item_02,1,21.88,{},
oit_000356_02,ord_000356,menu_item_03,1,21.88,{},
oit_000356_03,ord_000356,menu_item_04,1,21.88,{},
oit_000357_00,ord_000357,menu_item_01,1,20.23,{},
oit_000357_01,ord_000357,menu_item_02,1,20.23,{},
oit_000358_00,ord_000358,menu_item_01,1,25.0,{},
oit_000358_01,ord_000358,menu_item_02,1,25.0,{},
oit_000359_00,ord_000359,menu_item_01,1,22.98,{},
oit_000359_01,ord_000359,menu_item_02,1,22.98,{},
oit_000359_02,ord_000359,menu_item_03,1,22.98,{},
oit_000359_03,ord_000359,menu_item_04,1,22.98,{},
oit_000360_00,ord_000360,menu_item_01,1,24.12,{},
oit_000360_01,ord_000360,menu_item_02,1,24.12,{},
oit_000360_02,ord_000360,menu_item_03,1,24.12,{},
oit_000361_00,ord_000361,menu_item_01,1,33.25,{},
oit_000361_01,ord_000361,menu_item_02,1,33.25,{},
oit_000361_02,ord_000361,menu_item_03,1,33.25,{},
oit_000361_03,ord_000361,menu_item_04,1,33.25,{},
oit_000362_00,ord_000362,menu_item_01,1,29.5,{},
oit_000362_01,ord_000362,menu_item_02,1,29.5,{},
oit_000363_00,ord_000363,menu_item_01,1,29.3,{},
oit_000363_01,ord_000363,menu_item_02,1,29.3,{},
oit_000363_02,ord_000363,menu_item_03,1,29.3,{},
oit_000363_03,ord_000363,menu_item_04,1,29.3,{},
oit_000364_00,ord_000364,menu_item_01,1,37.0,{},
oit_000365_00,ord_000365,menu_item_01,1,23.1,{},
oit_000365_01,ord_000365,menu_item_02,1,23.1,{},
oit_000365_02,ord_000365,menu_item_03,1,23.1,{},
oit_000365_03,ord_000365,menu_item_04,1,23.1,{},
oit_000366_00,ord_000366,menu_item_01,1,20.46,{},
oit_000366_01,ord_000366,menu_item_02,1,20.46,{},
oit_000366_02,ord_000366,menu_item_03,1,20.46,{},
oit_000366_03,ord_000366,menu_item_04,1,20.46,{},
oit_000367_00,ord_000367,menu_item_01,1,30.61,{},
oit_000367_01,ord_000367,menu_item_02,1,30.61,{},
oit_000367_02,ord_000367,menu_item_03,1,30.61,{},
oit_000367_03,ord_000367,menu_item_04,1,30.61,{},
oit_000368_00,ord_000368,menu_item_01,1,34.33,{},
oit_000368_01,ord_000368,menu_item_02,1,34.33,{},
oit_000368_02,ord_000368,menu_item_03,1,34.33,{},
oit_000368_03,ord_000368,menu_item_04,1,34.33,{},
oit_000369_00,ord_000369,menu_item_01,1,20.67,{},
oit_000369_01,ord_000369,menu_item_02,1,20.67,{},
oit_000369_02,ord_000369,menu_item_03,1,20.67,{},
oit_000370_00,ord_000370,menu_item_01,1,24.5,{},
oit_000370_01,ord_000370,menu_item_02,1,24.5,{},
oit_000371_00,ord_000371,menu_item_01,1,39.12,{},
oit_000371_01,ord_000371,menu_item_02,1,39.12,{},
oit_000371_02,ord_000371,menu_item_03,1,39.12,{},
oit_000371_03,ord_000371,menu_item_04,1,39.12,{},
oit_000372_00,ord_000372,menu_item_01,1,24.25,{},
oit_000372_01,ord_000372,menu_item_02,1,24.25,{},
oit_000373_00,ord_000373,menu_item_01,1,25.82,{},
oit_000373_01,ord_000373,menu_item_02,1,25.82,{},
oit_000373_02,ord_000373,menu_item_03,1,25.82,{},
oit_000374_00,ord_000374,menu_item_01,1,21.49,{},
oit_000374_01,ord_000374,menu_item_02,1,21.49,{},
oit_000374_02,ord_000374,menu_item_03,1,21.49,{},
oit_000374_03,ord_000374,menu_item_04,1,21.49,{},
oit_000375_00,ord_000375,menu_item_01,1,25.18,{},
oit_000375_01,ord_000375,menu_item_02,1,25.18,{},
oit_000375_02,ord_000375,menu_item_03,1,25.18,{},
oit_000375_03,ord_000375,menu_item_04,1,25.18,{},
oit_000376_00,ord_000376,menu_item_01,1,26.5,{},
oit_000376_01,ord_000376,menu_item_02,1,26.5,{},
oit_000376_02,ord_000376,menu_item_03,1,26.5,{},
oit_000377_00,ord_000377,menu_item_01,1,37.5,{},
oit_000377_01,ord_000377,menu_item_02,1,37.5,{},
oit_000377_02,ord_000377,menu_item_03,1,37.5,{},
oit_000377_03,ord_000377,menu_item_04,1,37.5,{},
oit_000378_00,ord_000378,menu_item_01,1,41.67,{},
oit_000378_01,ord_000378,menu_item_02,1,41.67,{},
oit_000378_02,ord_000378,menu_item_03,1,41.67,{},
oit_000378_03,ord_000378,menu_item_04,1,41.67,{},
oit_000379_00,ord_000379,menu_item_01,1,20.33,{},
oit_000379_01,ord_000379,menu_item_02,1,20.33,{},
oit_000379_02,ord_000379,menu_item_03,1,20.33,{},
oit_000380_00,ord_000380,menu_item_01,1,24.45,{},
oit_000380_01,ord_000380,menu_item_02,1,24.45,{},
oit_000381_00,ord_000381,menu_item_01,1,27.88,{},
oit_000381_01,ord_000381,menu_item_02,1,27.88,{},
oit_000381_02,ord_000381,menu_item_03,1,27.88,{},
oit_000381_03,ord_000381,menu_item_04,1,27.88,{},
oit_000382_00,ord_000382,menu_item_01,1,27.5,{},
oit_000382_01,ord_000382,menu_item_02,1,27.5,{},
oit_000383_00,ord_000383,menu_item_01,1,21.35,{},
oit_000383_01,ord_000383,menu_item_02,1,21.35,{},
oit_000383_02,ord_000383,menu_item_03,1,21.35,{},
oit_000383_03,ord_000383,menu_item_04,1,21.35,{},
oit_000384_00,ord_000384,menu_item_01,1,21.21,{},
oit_000384_01,ord_000384,menu_item_02,1,21.21,{},
oit_000384_02,ord_000384,menu_item_03,1,21.21,{},
oit_000384_03,ord_000384,menu_item_04,1,21.21,{},
oit_000385_00,ord_000385,menu_item_01,1,44.77,{},
oit_000385_01,ord_000385,menu_item_02,1,44.77,{},
oit_000385_02,ord_000385,menu_item_03,1,44.77,{},
oit_000385_03,ord_000385,menu_item_04,1,44.77,{},
oit_000386_00,ord_000386,menu_item_01,1,39.45,{},
oit_000386_01,ord_000386,menu_item_02,1,39.45,{},
oit_000386_02,ord_000386,menu_item_03,1,39.45,{},
oit_000386_03,ord_000386,menu_item_04,1,39.45,{},
oit_000387_00,ord_000387,menu_item_01,1,35.0,{},
oit_000388_00,ord_000388,menu_item_01,1,33.5,{},
oit_000389_00,ord_000389,menu_item_01,1,24.56,{},
oit_000389_01,ord_000389,menu_item_02,1,24.56,{},
oit_000389_02,ord_000389,menu_item_03,1,24.56,{},
oit_000389_03,ord_000389,menu_item_04,1,24.56,{},
oit_000390_00,ord_000390,menu_item_01,1,33.22,{},
oit_000391_00,ord_000391,menu_item_01,1,33.22,{},
oit_000392_00,ord_000392,menu_item_01,1,20.54,{},
oit_000392_01,ord_000392,menu_item_02,1,20.54,{},
oit_000392_02,ord_000392,menu_item_03,1,20.54,{},
oit_000392_03,ord_000392,menu_item_04,1,20.54,{},
oit_000393_00,ord_000393,menu_item_01,1,26.11,{},
oit_000393_01,ord_000393,menu_item_02,1,26.11,{},
oit_000393_02,ord_000393,menu_item_03,1,26.11,{},
oit_000393_03,ord_000393,menu_item_04,1,26.11,{},
oit_000394_00,ord_000394,menu_item_01,1,38.5,{},
oit_000395_00,ord_000395,menu_item_01,1,28.0,{},
oit_000396_00,ord_000396,menu_item_01,1,29.23,{},
oit_000396_01,ord_000396,menu_item_02,1,29.23,{},
oit_000397_00,ord_000397,menu_item_01,1,28.5,{},
oit_000398_00,ord_000398,menu_item_01,1,22.83,{},
oit_000398_01,ord_000398,menu_item_02,1,22.83,{},
oit_000398_02,ord_000398,menu_item_03,1,22.83,{},
oit_000399_00,ord_000399,menu_item_01,1,23.98,{},
oit_000399_01,ord_000399,menu_item_02,1,23.98,{},
oit_000399_02,ord_000399,menu_item_03,1,23.98,{},
oit_000400_00,ord_000400,menu_item_01,1,38.0,{},
oit_000401_00,ord_000401,menu_item_01,1,25.32,{},
oit_000401_01,ord_000401,menu_item_02,1,25.32,{},
oit_000401_02,ord_000401,menu_item_03,1,25.32,{},
oit_000402_00,ord_000402,menu_item_01,1,22.8,{},
oit_000402_01,ord_000402,menu_item_02,1,22.8,{},
oit_000402_02,ord_000402,menu_item_03,1,22.8,{},
oit_000403_00,ord_000403,menu_item_01,1,26.45,{},
oit_000403_01,ord_000403,menu_item_02,1,26.45,{},
oit_000404_00,ord_000404,menu_item_01,1,20.25,{},
oit_000404_01,ord_000404,menu_item_02,1,20.25,{},
oit_000405_00,ord_000405,menu_item_01,1,23.98,{},
oit_000405_01,ord_000405,menu_item_02,1,23.98,{},
oit_000405_02,ord_000405,menu_item_03,1,23.98,{},
oit_000406_00,ord_000406,menu_item_01,1,26.09,{},
oit_000406_01,ord_000406,menu_item_02,1,26.09,{},
oit_000406_02,ord_000406,menu_item_03,1,26.09,{},
oit_000406_03,ord_000406,menu_item_04,1,26.09,{},
oit_000407_00,ord_000407,menu_item_01,1,51.16,{},
oit_000407_01,ord_000407,menu_item_02,1,51.16,{},
oit_000407_02,ord_000407,menu_item_03,1,51.16,{},
oit_000407_03,ord_000407,menu_item_04,1,51.16,{},
oit_000408_00,ord_000408,menu_item_01,1,30.0,{},
oit_000409_00,ord_000409,menu_item_01,1,24.81,{},
oit_000409_01,ord_000409,menu_item_02,1,24.81,{},
oit_000409_02,ord_000409,menu_item_03,1,24.81,{},
oit_000409_03,ord_000409,menu_item_04,1,24.81,{},
oit_000410_00,ord_000410,menu_item_01,1,27.0,{},
oit_000410_01,ord_000410,menu_item_02,1,27.0,{},
oit_000410_02,ord_000410,menu_item_03,1,27.0,{},
oit_000410_03,ord_000410,menu_item_04,1,27.0,{},
oit_000411_00,ord_000411,menu_item_01,1,23.5,{},
